,Dono,Quantitativo,Participação (%)
0,Pessoa Física,1808383,93.44325403017866
1,Pessoa Jurídica,126891,6.5567459698213275
